персонал_pk,фамилия,имя,отчество
1,Петров,Денис,Кириллович
2,Федоров,Евгений,Евгеньевич
3,Соловьев,Кирилл,Дмитриевич
4,Федоров,Максим,Николаевич
5,Волков,Александр,Павлович
6,Иванов,Николай,Дмитриевич
7,Дмитриев,Дмитрий,Александрович
8,Дмитриев,Сергей,Андреевич
9,Петров,Павел,Антонович
10,Соколов,Павел,Дмитриевич
11,Иванов,Николай,Антонович
12,Попов,Андрей,Кириллович
13,Федоров,Петр,Павлович
14,Михайлов,Николай,Иванович
15,Васильев,Алексей,Антонович
16,Михайлов,Антон,Артемович
17,Соловьев,Петр,Кириллович
18,Ф,И,О
